/*
Post-Deployment Script Template							
--------------------------------------------------------------------------------------
 This file contains SQL statements that will be appended to the build script.		
 Use SQLCMD syntax to include a file in the post-deployment script.			
 Example:      :r .\myfile.sql								
 Use SQLCMD syntax to reference a variable in the post-deployment script.		
 Example:      :setvar TableName MyTable							
               SELECT * FROM [$(TableName)]					
--------------------------------------------------------------------------------------
*/
--SET IDENTITY_INSERT [dbo].[CUSTOMERTYPES] ON 
--GO


INSERT [dbo].[CUSTOMERTYPES] ([TYPENAME], [DISCOUNT(%)]) VALUES (N'Standard', NULL)
GO
INSERT [dbo].[CUSTOMERTYPES] ([TYPENAME], [DISCOUNT(%)]) VALUES (N'Silver', CAST(10 AS Decimal(18, 0)))
GO
INSERT [dbo].[CUSTOMERTYPES] ([TYPENAME], [DISCOUNT(%)]) VALUES (N'Gold', CAST(20 AS Decimal(18, 0)))
GO


--SET IDENTITY_INSERT [dbo].[CUSTOMERTYPES] OFF
--GO


--SET IDENTITY_INSERT [dbo].[CUSTOMERS] ON 
--GO


INSERT [dbo].[CUSTOMERS] ([CUSTOMERTYPESID], [FIRSTNAME], [LASTNAME], [EMAIL], [STREETADRESS], [CITY], [COUNTRY], [PHONENUMBER], [ICE], [LASTUPDATED]) VALUES (3, N'Thora', N'Tasarov', N't.tasarov@gmail.com', N'Zig Zag Road 20', N'Penmaenbach', N'Ireland', N'(+44)7541-740638', N'Armani Maldonado', CAST(N'2020-02-10T17:09:33.787' AS DateTime))
GO
INSERT [dbo].[CUSTOMERS] ([CUSTOMERTYPESID], [FIRSTNAME], [LASTNAME], [EMAIL], [STREETADRESS], [CITY], [COUNTRY], [PHONENUMBER], [ICE], [LASTUPDATED]) VALUES (1, N'Maggie', N'Garrows', N'm.garrows@gmail.com', N'The Furry 153', N'Llandudno', N'New Zealand', N'(+44)7541-740631', N'Cassius Roman', CAST(N'2020-02-10T17:09:33.790' AS DateTime))
GO
INSERT [dbo].[CUSTOMERS] ([CUSTOMERTYPESID], [FIRSTNAME], [LASTNAME], [EMAIL], [STREETADRESS], [CITY], [COUNTRY], [PHONENUMBER], [ICE], [LASTUPDATED]) VALUES (1, N'Kamden', N'Kotaro', N'k.kotaro@yahoo.com', N'Pope’s Head Alley 140', N'Powers Lake', N'England', N'(+44)7541-740632', N'Tripp Warner', CAST(N'2020-02-10T17:09:33.790' AS DateTime))
GO
INSERT [dbo].[CUSTOMERS] ([CUSTOMERTYPESID], [FIRSTNAME], [LASTNAME], [EMAIL], [STREETADRESS], [CITY], [COUNTRY], [PHONENUMBER], [ICE], [LASTUPDATED]) VALUES (1, N'Catalina', N'Doncaster', N'c.doncaster@yahoo.com', N'Cockermouth 141', N'Fishguard', N'USA', N'(+44)7541-740633', N'Bonnie Morton', CAST(N'2020-02-10T17:09:33.790' AS DateTime))
GO
INSERT [dbo].[CUSTOMERS] ([CUSTOMERTYPESID], [FIRSTNAME], [LASTNAME], [EMAIL], [STREETADRESS], [CITY], [COUNTRY], [PHONENUMBER], [ICE], [LASTUPDATED]) VALUES (1, N'Juna', N'Koehan', N'j.koehan@hotmail.com', N'Bishops Itchington 195', N'Broughton', N'Scotland', N'(+44)7541-740634', N'Deacon Atkinson', CAST(N'2020-02-10T17:09:33.790' AS DateTime))
GO
INSERT [dbo].[CUSTOMERS] ([CUSTOMERTYPESID], [FIRSTNAME], [LASTNAME], [EMAIL], [STREETADRESS], [CITY], [COUNTRY], [PHONENUMBER], [ICE], [LASTUPDATED]) VALUES (2, N'Caleb', N'Micelli', N'c.micelli@mail.com', N'Lickar Moor 81', N'Lampeter', N'Canada', N'(+44)7541-740635', N'Sincere Hale', CAST(N'2020-02-10T17:09:33.790' AS DateTime))
GO
INSERT [dbo].[CUSTOMERS] ([CUSTOMERTYPESID], [FIRSTNAME], [LASTNAME], [EMAIL], [STREETADRESS], [CITY], [COUNTRY], [PHONENUMBER], [ICE], [LASTUPDATED]) VALUES (1, N'Aaliyah', N'Leatherman', N'a.leatherman@outlook.com', N'Beggars Bush 179', N'Kilbride', N'USA', N'(+44)7541-740636', N'Quincy Morton', CAST(N'2020-02-10T17:09:33.790' AS DateTime))
GO
INSERT [dbo].[CUSTOMERS] ([CUSTOMERTYPESID], [FIRSTNAME], [LASTNAME], [EMAIL], [STREETADRESS], [CITY], [COUNTRY], [PHONENUMBER], [ICE], [LASTUPDATED]) VALUES (3, N'Adriana', N'Motoki', N'a.motoki@mail.com', N'Upper Bleeding 28', N'Bulgandramine', N'Wales', N'(+44)7541-740637', N'Aurelia Burke', CAST(N'2020-02-10T17:09:33.793' AS DateTime))
GO
INSERT [dbo].[CUSTOMERS] ([CUSTOMERTYPESID], [FIRSTNAME], [LASTNAME], [EMAIL], [STREETADRESS], [CITY], [COUNTRY], [PHONENUMBER], [ICE], [LASTUPDATED]) VALUES (3, N'Paul', N'Shinamori', N'p.shinamori@outlook.com', N'Fudgepack upon Humber 19', N'East Boyd', N'New Zealand', N'(+44)7541-740639', N'Quincy Blair', CAST(N'2020-02-10T17:09:33.793' AS DateTime))
GO
INSERT [dbo].[CUSTOMERS] ([CUSTOMERTYPESID], [FIRSTNAME], [LASTNAME], [EMAIL], [STREETADRESS], [CITY], [COUNTRY], [PHONENUMBER], [ICE], [LASTUPDATED]) VALUES (1, N'Annabelle', N'Westborough', N'a.westborough@gmail.com', N'Clap Hill 102', N'Big Spring', N'USA', N'(+44)7541-740630', N'Makai Buchanan', CAST(N'2020-02-10T17:09:33.793' AS DateTime))
GO
INSERT [dbo].[CUSTOMERS] ([CUSTOMERTYPESID], [FIRSTNAME], [LASTNAME], [EMAIL], [STREETADRESS], [CITY], [COUNTRY], [PHONENUMBER], [ICE], [LASTUPDATED]) VALUES (1, N'Amari', N'Dawntreader', N'a.dawntreader@gmail.com', N'Twiggly Wiggly Road 200', N'Pendine', N'England', N'(+44)7541-740618', N'Cassius Page', CAST(N'2020-02-10T17:09:33.793' AS DateTime))
GO
INSERT [dbo].[CUSTOMERS] ([CUSTOMERTYPESID], [FIRSTNAME], [LASTNAME], [EMAIL], [STREETADRESS], [CITY], [COUNTRY], [PHONENUMBER], [ICE], [LASTUPDATED]) VALUES (1, N'Louis', N'Brigstocke', N'l.brigstocke@yahoo.com', N'Lickfold 9', N'New Holstein', N'New Zealand', N'(+44)7541-740628', N'Gunnar Bradley', CAST(N'2020-02-10T17:09:33.793' AS DateTime))
GO
INSERT [dbo].[CUSTOMERS] ([CUSTOMERTYPESID], [FIRSTNAME], [LASTNAME], [EMAIL], [STREETADRESS], [CITY], [COUNTRY], [PHONENUMBER], [ICE], [LASTUPDATED]) VALUES (1, N'Liam', N'Kreugar', N'l.kreugar@outlook.com', N'Cocking 20', N'Metairie', N'Ireland', N'(+44)7541-740648', N'Aurelia Wheeler', CAST(N'2020-02-10T17:09:33.793' AS DateTime))
GO
INSERT [dbo].[CUSTOMERS] ([CUSTOMERTYPESID], [FIRSTNAME], [LASTNAME], [EMAIL], [STREETADRESS], [CITY], [COUNTRY], [PHONENUMBER], [ICE], [LASTUPDATED]) VALUES (1, N'Mira', N'Herson', N'm.herson@inbox.com', N'Leg of Mutton Road 69', N'Lochinver', N'England', N'(+44)7541-740658', N'Waverly Pratt', CAST(N'2020-02-10T17:09:33.793' AS DateTime))
GO
INSERT [dbo].[CUSTOMERS] ([CUSTOMERTYPESID], [FIRSTNAME], [LASTNAME], [EMAIL], [STREETADRESS], [CITY], [COUNTRY], [PHONENUMBER], [ICE], [LASTUPDATED]) VALUES (1, N'Elizabeth', N'Mechs', N'e.mechs@inbox.com', N'Great Horwood 74', N'Aldbrough', N'New Zealand', N'(+44)7541-740668', N'Neil Roberson', CAST(N'2020-02-10T17:09:33.793' AS DateTime))
GO
INSERT [dbo].[CUSTOMERS] ([CUSTOMERTYPESID], [FIRSTNAME], [LASTNAME], [EMAIL], [STREETADRESS], [CITY], [COUNTRY], [PHONENUMBER], [ICE], [LASTUPDATED]) VALUES (2, N'Thiago', N'Naruhito', N't.naruhito@yahoo.com', N'Cock and Bell Lane 164', N'Kernersville', N'Australia', N'(+44)7541-740678', N'Greta Frazier', CAST(N'2020-02-10T17:09:33.793' AS DateTime))
GO
INSERT [dbo].[CUSTOMERS] ([CUSTOMERTYPESID], [FIRSTNAME], [LASTNAME], [EMAIL], [STREETADRESS], [CITY], [COUNTRY], [PHONENUMBER], [ICE], [LASTUPDATED]) VALUES (1, N'Barrett', N'Onodera', N'b.onodera@mail.com', N'Pope’s Head Alley 192', N'Crucis', N'Canada', N'(+44)7541-740688', N'Bonnie Hale', CAST(N'2020-02-10T17:09:33.797' AS DateTime))
GO
INSERT [dbo].[CUSTOMERS] ([CUSTOMERTYPESID], [FIRSTNAME], [LASTNAME], [EMAIL], [STREETADRESS], [CITY], [COUNTRY], [PHONENUMBER], [ICE], [LASTUPDATED]) VALUES (1, N'Wendell', N'Roquefort', N'w.roquefort@hotmail.com', N'Parent’s Way 157', N'Zephyr Cove', N'Ireland', N'(+44)7541-740698', N'Lawrence Park', CAST(N'2020-02-10T17:09:33.797' AS DateTime))
GO
INSERT [dbo].[CUSTOMERS] ([CUSTOMERTYPESID], [FIRSTNAME], [LASTNAME], [EMAIL], [STREETADRESS], [CITY], [COUNTRY], [PHONENUMBER], [ICE], [LASTUPDATED]) VALUES (1, N'Benson', N'Stiler', N'b.stiler@yahoo.com', N'Flesh Shank 138', N'Treasure Lake', N'Scotland', N'(+44)7541-740608', N'Clementine Salazar', CAST(N'2020-02-10T17:09:33.797' AS DateTime))
GO
INSERT [dbo].[CUSTOMERS] ([CUSTOMERTYPESID], [FIRSTNAME], [LASTNAME], [EMAIL], [STREETADRESS], [CITY], [COUNTRY], [PHONENUMBER], [ICE], [LASTUPDATED]) VALUES (2, N'Hattie', N'Follet', N'h.follet@mail.com', N'Bleeding Heart Yard 66', N'Lydbury', N'New Zealand', N'(+44)7541-740138', N'Monroe Bradley', CAST(N'2020-02-10T17:09:33.797' AS DateTime))
GO


--SET IDENTITY_INSERT [dbo].[CUSTOMERS] OFF
--GO




--SET IDENTITY_INSERT [dbo].[ROOMTYPES] ON 
--GO


INSERT [dbo].[ROOMTYPES] ([NAME], [COST], [QTYBEDS]) VALUES (N'Single', 300.0000, 1)
GO
INSERT [dbo].[ROOMTYPES] ([NAME], [COST], [QTYBEDS]) VALUES (N'Double', 500.0000, 2)
GO


--SET IDENTITY_INSERT [dbo].[ROOMTYPES] OFF
--GO


--SET IDENTITY_INSERT [dbo].[ROOMS] ON 
--GO


INSERT [dbo].[ROOMS] ([ROOMNUM], [ROOMTYPESID]) VALUES (101, 1)
GO
INSERT [dbo].[ROOMS] ([ROOMNUM], [ROOMTYPESID]) VALUES (102, 1)
GO
INSERT [dbo].[ROOMS] ([ROOMNUM], [ROOMTYPESID]) VALUES (103, 1)
GO
INSERT [dbo].[ROOMS] ([ROOMNUM], [ROOMTYPESID]) VALUES (104, 1)
GO
INSERT [dbo].[ROOMS] ([ROOMNUM], [ROOMTYPESID]) VALUES (105, 1)
GO
INSERT [dbo].[ROOMS] ([ROOMNUM], [ROOMTYPESID]) VALUES (106, 2)
GO
INSERT [dbo].[ROOMS] ([ROOMNUM], [ROOMTYPESID]) VALUES (107, 2)
GO
INSERT [dbo].[ROOMS] ([ROOMNUM], [ROOMTYPESID]) VALUES (108, 2)
GO
INSERT [dbo].[ROOMS] ([ROOMNUM], [ROOMTYPESID]) VALUES (109, 2)
GO
INSERT [dbo].[ROOMS] ([ROOMNUM], [ROOMTYPESID]) VALUES (110, 2)
GO


--SET IDENTITY_INSERT [dbo].[ROOMS] OFF
--GO





--SET IDENTITY_INSERT [dbo].[BOOKINGS] ON 
--GO


INSERT [dbo].[BOOKINGS] ([CUSTOMERSID], [QTYPERSONS], [STARTDATE], [ROOMSID], [ENDDATE], [ETA], [TIMEARRIVAL], [TIMEDEPARTURE], [SPECIALNEEDS], [EXTRABED]) VALUES (1, 4, 6, CAST(N'2017-12-31' AS Date), CAST(N'2018-01-04' AS Date), CAST(N'2017-12-31T17:09:10.000' AS DateTime), CAST(N'2017-12-31T17:09:10.000' AS DateTime), CAST(N'2018-01-04T17:09:10.000' AS DateTime), NULL, 0)
GO
INSERT [dbo].[BOOKINGS] ([CUSTOMERSID], [QTYPERSONS], [STARTDATE], [ROOMSID], [ENDDATE], [ETA], [TIMEARRIVAL], [TIMEDEPARTURE], [SPECIALNEEDS], [EXTRABED]) VALUES (2, 3, 7, CAST(N'2017-11-01' AS Date), CAST(N'2017-11-05' AS Date), CAST(N'2017-11-01T17:09:10.000' AS DateTime), CAST(N'2017-11-01T17:09:10.000' AS DateTime), CAST(N'2017-11-05T17:09:10.000' AS DateTime), NULL, 1)
GO
INSERT [dbo].[BOOKINGS] ([CUSTOMERSID], [QTYPERSONS], [STARTDATE], [ROOMSID], [ENDDATE], [ETA], [TIMEARRIVAL], [TIMEDEPARTURE], [SPECIALNEEDS], [EXTRABED]) VALUES (3, 4, 8, CAST(N'2017-04-20' AS Date), CAST(N'2017-04-29' AS Date), CAST(N'2017-04-20T17:09:10.000' AS DateTime), CAST(N'2017-04-20T17:09:10.000' AS DateTime), CAST(N'2017-04-29T17:09:10.000' AS DateTime), NULL, 1)
GO
INSERT [dbo].[BOOKINGS] ([CUSTOMERSID], [QTYPERSONS], [STARTDATE], [ROOMSID], [ENDDATE], [ETA], [TIMEARRIVAL], [TIMEDEPARTURE], [SPECIALNEEDS], [EXTRABED]) VALUES (4, 1, 2, CAST(N'2018-03-18' AS Date), CAST(N'2018-03-21' AS Date), CAST(N'2018-03-18T17:09:10.000' AS DateTime), CAST(N'2018-03-18T17:09:10.000' AS DateTime), CAST(N'2018-03-21T17:09:10.000' AS DateTime), NULL, 0)
GO
INSERT [dbo].[BOOKINGS] ([CUSTOMERSID], [QTYPERSONS], [STARTDATE], [ROOMSID], [ENDDATE], [ETA], [TIMEARRIVAL], [TIMEDEPARTURE], [SPECIALNEEDS], [EXTRABED]) VALUES (5, 1, 1, CAST(N'2014-11-21' AS Date), CAST(N'2014-11-23' AS Date), CAST(N'2014-11-21T17:09:10.000' AS DateTime), CAST(N'2014-11-21T17:09:10.000' AS DateTime), CAST(N'2014-11-23T17:09:10.000' AS DateTime), NULL, 1)
GO
INSERT [dbo].[BOOKINGS] ([CUSTOMERSID], [QTYPERSONS], [STARTDATE], [ROOMSID], [ENDDATE], [ETA], [TIMEARRIVAL], [TIMEDEPARTURE], [SPECIALNEEDS], [EXTRABED]) VALUES (6, 2, 5, CAST(N'2018-04-12' AS Date), CAST(N'2018-04-16' AS Date), CAST(N'2018-04-12T17:09:10.000' AS DateTime), CAST(N'2018-04-12T17:09:10.000' AS DateTime), CAST(N'2018-04-16T17:09:10.000' AS DateTime), NULL, 1)
GO
INSERT [dbo].[BOOKINGS] ([CUSTOMERSID], [QTYPERSONS], [STARTDATE], [ROOMSID], [ENDDATE], [ETA], [TIMEARRIVAL], [TIMEDEPARTURE], [SPECIALNEEDS], [EXTRABED]) VALUES (7, 3, 6, CAST(N'2020-03-13' AS Date), CAST(N'2020-03-21' AS Date), CAST(N'2020-03-13T17:09:10.000' AS DateTime), NULL, NULL, NULL, 1)
GO
INSERT [dbo].[BOOKINGS] ([CUSTOMERSID], [QTYPERSONS], [STARTDATE], [ROOMSID], [ENDDATE], [ETA], [TIMEARRIVAL], [TIMEDEPARTURE], [SPECIALNEEDS], [EXTRABED]) VALUES (8, 3, 9, CAST(N'2016-04-21' AS Date), CAST(N'2016-04-30' AS Date), CAST(N'2016-04-21T17:09:10.000' AS DateTime), CAST(N'2016-04-21T17:09:10.000' AS DateTime), CAST(N'2016-04-30T17:09:10.000' AS DateTime), NULL, 1)
GO
INSERT [dbo].[BOOKINGS] ([CUSTOMERSID], [QTYPERSONS], [STARTDATE], [ROOMSID], [ENDDATE], [ETA], [TIMEARRIVAL], [TIMEDEPARTURE], [SPECIALNEEDS], [EXTRABED]) VALUES (9, 4, 10, CAST(N'2015-03-04' AS Date), CAST(N'2015-03-10' AS Date), CAST(N'2015-03-04T17:09:10.000' AS DateTime), CAST(N'2015-03-04T17:09:10.000' AS DateTime), CAST(N'2015-03-10T17:09:10.000' AS DateTime), NULL, 1)
GO
INSERT [dbo].[BOOKINGS] ([CUSTOMERSID], [QTYPERSONS], [STARTDATE], [ROOMSID], [ENDDATE], [ETA], [TIMEARRIVAL], [TIMEDEPARTURE], [SPECIALNEEDS], [EXTRABED]) VALUES (10, 3, 8, CAST(N'2015-12-03' AS Date), CAST(N'2015-12-07' AS Date), CAST(N'2015-12-03T17:09:10.000' AS DateTime), CAST(N'2015-12-03T17:09:10.000' AS DateTime), CAST(N'2015-12-07T17:09:10.000' AS DateTime), NULL, 0)
GO
INSERT [dbo].[BOOKINGS] ([CUSTOMERSID], [QTYPERSONS], [STARTDATE], [ROOMSID], [ENDDATE], [ETA], [TIMEARRIVAL], [TIMEDEPARTURE], [SPECIALNEEDS], [EXTRABED]) VALUES (11, 4, 7, CAST(N'2017-09-08' AS Date), CAST(N'2017-09-16' AS Date), CAST(N'2017-09-08T17:09:10.000' AS DateTime), CAST(N'2017-09-08T17:09:10.000' AS DateTime), CAST(N'2017-09-16T17:09:10.000' AS DateTime), NULL, 1)
GO
INSERT [dbo].[BOOKINGS] ([CUSTOMERSID], [QTYPERSONS], [STARTDATE], [ROOMSID], [ENDDATE], [ETA], [TIMEARRIVAL], [TIMEDEPARTURE], [SPECIALNEEDS], [EXTRABED]) VALUES (12, 3, 7, CAST(N'2017-01-06' AS Date), CAST(N'2017-01-09' AS Date), CAST(N'2017-01-06T17:09:10.000' AS DateTime), CAST(N'2017-01-06T17:09:10.000' AS DateTime), CAST(N'2017-01-09T17:09:10.000' AS DateTime), NULL, 0)
GO
INSERT [dbo].[BOOKINGS] ([CUSTOMERSID], [QTYPERSONS], [STARTDATE], [ROOMSID], [ENDDATE], [ETA], [TIMEARRIVAL], [TIMEDEPARTURE], [SPECIALNEEDS], [EXTRABED]) VALUES (13, 3, 6, CAST(N'2015-11-18' AS Date), CAST(N'2015-11-22' AS Date), CAST(N'2015-11-18T17:09:10.000' AS DateTime), CAST(N'2015-11-18T17:09:10.000' AS DateTime), CAST(N'2015-11-22T17:09:10.000' AS DateTime), NULL, 0)
GO
INSERT [dbo].[BOOKINGS] ([CUSTOMERSID], [QTYPERSONS], [STARTDATE], [ROOMSID], [ENDDATE], [ETA], [TIMEARRIVAL], [TIMEDEPARTURE], [SPECIALNEEDS], [EXTRABED]) VALUES (14, 3, 9, CAST(N'2018-08-13' AS Date), CAST(N'2018-08-16' AS Date), CAST(N'2018-08-13T17:09:10.000' AS DateTime), CAST(N'2018-08-13T17:09:10.000' AS DateTime), CAST(N'2018-08-16T17:09:10.000' AS DateTime), NULL, 1)
GO
INSERT [dbo].[BOOKINGS] ([CUSTOMERSID], [QTYPERSONS], [STARTDATE], [ROOMSID], [ENDDATE], [ETA], [TIMEARRIVAL], [TIMEDEPARTURE], [SPECIALNEEDS], [EXTRABED]) VALUES (15, 4, 10, CAST(N'2017-07-16' AS Date), CAST(N'2017-07-22' AS Date), CAST(N'2017-07-16T17:09:10.000' AS DateTime), CAST(N'2017-07-16T17:09:10.000' AS DateTime), CAST(N'2017-07-22T17:09:10.000' AS DateTime), NULL, 1)
GO
INSERT [dbo].[BOOKINGS] ([CUSTOMERSID], [QTYPERSONS], [STARTDATE], [ROOMSID], [ENDDATE], [ETA], [TIMEARRIVAL], [TIMEDEPARTURE], [SPECIALNEEDS], [EXTRABED]) VALUES (16, 4, 10, CAST(N'2015-01-21' AS Date), CAST(N'2015-01-24' AS Date), CAST(N'2015-01-21T17:09:10.000' AS DateTime), CAST(N'2015-01-21T17:09:10.000' AS DateTime), CAST(N'2015-01-24T17:09:10.000' AS DateTime), NULL, 1)
GO
INSERT [dbo].[BOOKINGS] ([CUSTOMERSID], [QTYPERSONS], [STARTDATE], [ROOMSID], [ENDDATE], [ETA], [TIMEARRIVAL], [TIMEDEPARTURE], [SPECIALNEEDS], [EXTRABED]) VALUES (17, 3, 9, CAST(N'2016-12-19' AS Date), CAST(N'2016-12-21' AS Date), CAST(N'2016-12-19T17:09:10.000' AS DateTime), CAST(N'2016-12-19T17:09:10.000' AS DateTime), CAST(N'2016-12-21T17:09:10.000' AS DateTime), NULL, 0)
GO
INSERT [dbo].[BOOKINGS] ([CUSTOMERSID], [QTYPERSONS], [STARTDATE], [ROOMSID], [ENDDATE], [ETA], [TIMEARRIVAL], [TIMEDEPARTURE], [SPECIALNEEDS], [EXTRABED]) VALUES (18, 1, 3, CAST(N'2014-09-16' AS Date), CAST(N'2014-09-17' AS Date), CAST(N'2014-09-16T17:09:10.000' AS DateTime), CAST(N'2014-09-16T17:09:10.000' AS DateTime), CAST(N'2014-09-17T17:09:10.000' AS DateTime), NULL, 1)
GO
INSERT [dbo].[BOOKINGS] ([CUSTOMERSID], [QTYPERSONS], [STARTDATE], [ROOMSID], [ENDDATE], [ETA], [TIMEARRIVAL], [TIMEDEPARTURE], [SPECIALNEEDS], [EXTRABED]) VALUES (19, 4, 7, CAST(N'2017-07-03' AS Date), CAST(N'2017-07-12' AS Date), CAST(N'2017-07-03T17:09:10.000' AS DateTime), CAST(N'2017-07-03T17:09:10.000' AS DateTime), CAST(N'2017-07-12T17:09:10.000' AS DateTime), NULL, 0)
GO

--SET IDENTITY_INSERT [dbo].[BOOKINGS] OFF
--GO



/*INSERT [dbo].[BOOKINGSROOMS] ([BOOKINGSID], [ROOMSID]) VALUES (1, 1)
GO
INSERT [dbo].[BOOKINGSROOMS] ([BOOKINGSID], [ROOMSID]) VALUES (2, 2)
GO
INSERT [dbo].[BOOKINGSROOMS] ([BOOKINGSID], [ROOMSID]) VALUES (3, 3)
GO
INSERT [dbo].[BOOKINGSROOMS] ([BOOKINGSID], [ROOMSID]) VALUES (4, 4)
GO
INSERT [dbo].[BOOKINGSROOMS] ([BOOKINGSID], [ROOMSID]) VALUES (5, 5)
GO
INSERT [dbo].[BOOKINGSROOMS] ([BOOKINGSID], [ROOMSID]) VALUES (6, 6)
GO
INSERT [dbo].[BOOKINGSROOMS] ([BOOKINGSID], [ROOMSID]) VALUES (7, 7)
GO
INSERT [dbo].[BOOKINGSROOMS] ([BOOKINGSID], [ROOMSID]) VALUES (8, 8)
GO
INSERT [dbo].[BOOKINGSROOMS] ([BOOKINGSID], [ROOMSID]) VALUES (9, 9)
GO
INSERT [dbo].[BOOKINGSROOMS] ([BOOKINGSID], [ROOMSID]) VALUES (10, 10)
GO
INSERT [dbo].[BOOKINGSROOMS] ([BOOKINGSID], [ROOMSID]) VALUES (11, 1)
GO
INSERT [dbo].[BOOKINGSROOMS] ([BOOKINGSID], [ROOMSID]) VALUES (12, 2)
GO
INSERT [dbo].[BOOKINGSROOMS] ([BOOKINGSID], [ROOMSID]) VALUES (13, 3)
GO
INSERT [dbo].[BOOKINGSROOMS] ([BOOKINGSID], [ROOMSID]) VALUES (14, 4)
GO
INSERT [dbo].[BOOKINGSROOMS] ([BOOKINGSID], [ROOMSID]) VALUES (15, 5)
GO
INSERT [dbo].[BOOKINGSROOMS] ([BOOKINGSID], [ROOMSID]) VALUES (16, 6)
GO
INSERT [dbo].[BOOKINGSROOMS] ([BOOKINGSID], [ROOMSID]) VALUES (17, 7)
GO
INSERT [dbo].[BOOKINGSROOMS] ([BOOKINGSID], [ROOMSID]) VALUES (18, 8)
GO
INSERT [dbo].[BOOKINGSROOMS] ([BOOKINGSID], [ROOMSID]) VALUES (19, 9)
GO */





--SET IDENTITY_INSERT [dbo].[STAFF] ON 
--GO

INSERT [dbo].[STAFF] ([FIRSTNAME], [LASTNAME], [PHONENUMBER], [EMAIL]) VALUES (N'Adeline', N'Enki', N'(+44)7541-740638', N'a.enki@gmail.com')
GO
INSERT [dbo].[STAFF] ([FIRSTNAME], [LASTNAME], [PHONENUMBER], [EMAIL]) VALUES (N'Lane', N'Tood', N'(+44)7666-206668', N'l.tood@mail.com')
GO
INSERT [dbo].[STAFF] ([FIRSTNAME], [LASTNAME], [PHONENUMBER], [EMAIL]) VALUES (N'Sawyer', N'Silvey', N'(+44)7979-999260', N's.silvey@gmail.com')
GO
INSERT [dbo].[STAFF] ([FIRSTNAME], [LASTNAME], [PHONENUMBER], [EMAIL]) VALUES (N'Bryson', N'Gert', N'(+44)7909-322978', N'b.gert@yahoo.com')
GO
INSERT [dbo].[STAFF] ([FIRSTNAME], [LASTNAME], [PHONENUMBER], [EMAIL]) VALUES (N'Amanda', N'Wagner', N'(+46)7909-322979', N'mintestmail321@gmail.com')
GO

--SET IDENTITY_INSERT [dbo].[STAFF] OFF
--GO




ALTER TABLE [dbo].[BOOKINGS]  WITH CHECK ADD  CONSTRAINT [FK_BOOKINGS_KUNDBOKNI_CUSTOMER] FOREIGN KEY([CUSTOMERSID])
REFERENCES [dbo].[CUSTOMERS] ([ID])
GO
ALTER TABLE [dbo].[BOOKINGS] CHECK CONSTRAINT [FK_BOOKINGS_KUNDBOKNI_CUSTOMER]
GO

ALTER TABLE [dbo].[BOOKINGSROOMS]  WITH CHECK ADD  CONSTRAINT [FK_BOOKINGS_RUM_ROOMS] FOREIGN KEY([ROOMSID])
REFERENCES [dbo].[ROOMS] ([ID])
GO
ALTER TABLE [dbo].[BOOKINGSROOMS] CHECK CONSTRAINT [FK_BOOKINGS_RUM_ROOMS]
GO

ALTER TABLE [dbo].[BOOKINGSROOMS]  WITH CHECK ADD  CONSTRAINT [FK_BOOKINGS_RUMSBOKNI_BOOKINGS] FOREIGN KEY([BOOKINGSID])
REFERENCES [dbo].[BOOKINGS] ([ID])
GO
ALTER TABLE [dbo].[BOOKINGSROOMS] CHECK CONSTRAINT [FK_BOOKINGS_RUMSBOKNI_BOOKINGS]
GO



ALTER TABLE [dbo].[CUSTOMERS]  WITH CHECK ADD  CONSTRAINT [FK_CUSTOMER_KUNDTYPER_CUSTOMER] FOREIGN KEY([CUSTOMERTYPESID])
REFERENCES [dbo].[CUSTOMERTYPES] ([ID])
GO
ALTER TABLE [dbo].[CUSTOMERS] CHECK CONSTRAINT [FK_CUSTOMER_KUNDTYPER_CUSTOMER]
GO


ALTER TABLE [dbo].[ROOMS]  WITH CHECK ADD  CONSTRAINT [FK_ROOMS_ROOMSROOM_ROOMTYPE] FOREIGN KEY([ROOMTYPESID])
REFERENCES [dbo].[ROOMTYPES] ([ID])
GO
ALTER TABLE [dbo].[ROOMS] CHECK CONSTRAINT [FK_ROOMS_ROOMSROOM_ROOMTYPE]
GO







